lga,confirmed,active,as_of_date
HUME,177,82,2020-07-01
BRIMBANK,131,40,2020-07-01
MORELAND,115,37,2020-07-01
MOONEE VALLEY,73,28,2020-07-01
CASEY,110,21,2020-07-01
WHITTLESEA,65,21,2020-07-01
MELBOURNE,103,20,2020-07-01
WYNDHAM,75,17,2020-07-01
MELTON,64,14,2020-07-01
YARRA,42,10,2020-07-01
MARIBYRNONG,34,9,2020-07-01
DAREBIN,58,7,2020-07-01
GLEN EIRA,61,6,2020-07-01
STONNINGTON,103,5,2020-07-01
MITCHELL,16,5,2020-07-01
PORT PHILLIP,51,4,2020-07-01
KINGSTON,34,4,2020-07-01
HOBSONS BAY,25,4,2020-07-01
BANYULE,98,3,2020-07-01
GREATER DANDENONG,27,3,2020-07-01
KNOX,23,3,2020-07-01
BOROONDARA,76,2,2020-07-01
INTERSTATE,64,2,2020-07-01
GREATER BENDIGO,10,2,2020-07-01
GREATER GEELONG,67,1,2020-07-01
FRANKSTON,41,1,2020-07-01
BAYSIDE,35,1,2020-07-01
MANNINGHAM,34,1,2020-07-01
NILLUMBIK,28,1,2020-07-01
WHITEHORSE,26,1,2020-07-01
LATROBE,9,1,2020-07-01
SWAN HILL,4,1,2020-07-01
MORNINGTON PENINSULA,63,-,2020-07-01
MONASH,54,-,2020-07-01
YARRA RANGES,26,-,2020-07-01
CARDINIA,22,-,2020-07-01
MAROONDAH,16,-,2020-07-01
GREATER SHEPPARTON,14,-,2020-07-01
WELLINGTON,12,-,2020-07-01
BALLARAT,11,-,2020-07-01
MOIRA,11,-,2020-07-01
MACEDON RANGES,9,-,2020-07-01
SURF COAST,9,-,2020-07-01
MOUNT ALEXANDER,6,-,2020-07-01
ARARAT,5,-,2020-07-01
BAW BAW,5,-,2020-07-01
CAMPASPE,5,-,2020-07-01
MILDURA,5,-,2020-07-01
SOUTH GIPPSLAND,5,-,2020-07-01
WARRNAMBOOL,5,-,2020-07-01
BASS COAST,4,-,2020-07-01
OVERSEAS,4,-,2020-07-01
BENALLA,3,-,2020-07-01
HORSHAM,3,-,2020-07-01
LODDON,3,-,2020-07-01
MANSFIELD,3,-,2020-07-01
MOORABOOL,3,-,2020-07-01
NORTHERN GRAMPIANS,3,-,2020-07-01
GANNAWARRA,2,-,2020-07-01
HEPBURN,2,-,2020-07-01
MURRINDINDI,2,-,2020-07-01
SOUTHERN GRAMPIANS,2,-,2020-07-01
STRATHBOGIE,2,-,2020-07-01
WANGARATTA,2,-,2020-07-01
ALPINE,1,-,2020-07-01
CENTRAL GOLDFIELDS,1,-,2020-07-01
CORANGAMITE,1,-,2020-07-01
EAST GIPPSLAND,1,-,2020-07-01
GLENELG,1,-,2020-07-01
GOLDEN PLAINS,1,-,2020-07-01
MOYNE,1,-,2020-07-01
WEST WIMMERA,1,-,2020-07-01
WODONGA,1,-,2020-07-01
YARRIAMBIACK,1,-,2020-07-01
UNKNOWN,21,13,2020-07-01
Total,2231,370,2020-07-01
HUME,331,167,2020-07-10
MELBOURNE,318,226,2020-07-10
WYNDHAM,234,151,2020-07-10
BRIMBANK,211,82,2020-07-10
MOONEE VALLEY,198,120,2020-07-10
MORELAND,166,63,2020-07-10
CASEY,133,19,2020-07-10
BANYULE,116,18,2020-07-10
STONNINGTON,114,12,2020-07-10
WHITTLESEA,108,42,2020-07-10
MELTON,96,24,2020-07-10
BOROONDARA,87,12,2020-07-10
DAREBIN,84,25,2020-07-10
GREATER GEELONG,73,5,2020-07-10
MONASH,70,16,2020-07-10
INTERSTATE,67,1,2020-07-10
YARRA,66,25,2020-07-10
MARIBYRNONG,64,30,2020-07-10
MORNINGTON PENINSULA,64,0,2020-07-10
GLEN EIRA,63,3,2020-07-10
PORT PHILLIP,62,10,2020-07-10
MANNINGHAM,49,15,2020-07-10
HOBSONS BAY,47,21,2020-07-10
FRANKSTON,43,2,2020-07-10
WHITEHORSE,43,15,2020-07-10
BAYSIDE,39,4,2020-07-10
KINGSTON,38,3,2020-07-10
GREATER DANDENONG,30,3,2020-07-10
YARRA RANGES,30,4,2020-07-10
NILLUMBIK,28,1,2020-07-10
KNOX,27,3,2020-07-10
CARDINIA,23,1,2020-07-10
MITCHELL,23,9,2020-07-10
MAROONDAH,20,4,2020-07-10
GREATER SHEPPARTON,15,0,2020-07-10
GREATER BENDIGO,12,3,2020-07-10
WELLINGTON,12,0,2020-07-10
BALLARAT,11,0,2020-07-10
MOIRA,11,0,2020-07-10
SURF COAST,10,1,2020-07-10
LATROBE,9,0,2020-07-10
MACEDON RANGES,9,0,2020-07-10
BAW BAW,6,1,2020-07-10
MOUNT ALEXANDER,6,0,2020-07-10
SOUTH GIPPSLAND,6,1,2020-07-10
ARARAT,5,0,2020-07-10
CAMPASPE,5,0,2020-07-10
MILDURA,5,0,2020-07-10
WARRNAMBOOL,5,0,2020-07-10
BASS COAST,4,0,2020-07-10
OVERSEAS,4,0,2020-07-10
SWAN HILL,4,0,2020-07-10
BENALLA,3,0,2020-07-10
HORSHAM,3,0,2020-07-10
LODDON,3,0,2020-07-10
MANSFIELD,3,0,2020-07-10
MOORABOOL,3,0,2020-07-10
NORTHERN GRAMPIANS,3,0,2020-07-10
EAST GIPPSLAND,2,1,2020-07-10
GANNAWARRA,2,0,2020-07-10
HEPBURN,2,0,2020-07-10
MURRINDINDI,2,0,2020-07-10
SOUTHERN GRAMPIANS,2,0,2020-07-10
STRATHBOGIE,2,0,2020-07-10
WANGARATTA,2,0,2020-07-10
ALPINE,1,0,2020-07-10
CENTRAL GOLDFIELDS,1,0,2020-07-10
CORANGAMITE,1,0,2020-07-10
GLENELG,1,0,2020-07-10
GOLDEN PLAINS,1,0,2020-07-10
MOYNE,1,0,2020-07-10
WEST WIMMERA,1,0,2020-07-10
WODONGA,1,0,2020-07-10
YARRIAMBIACK,1,0,2020-07-10
UNKNOWN,34,29,2020-07-10
Total,3379,1172,2020-07-10
HUME,354,176,2020-07-11
MELBOURNE,318,203,2020-07-11
WYNDHAM,263,175,2020-07-11
BRIMBANK,232,97,2020-07-11
MOONEE VALLEY,228,122,2020-07-11
MORELAND,176,67,2020-07-11
CASEY,137,21,2020-07-11
BANYULE,126,28,2020-07-11
STONNINGTON,116,14,2020-07-11
WHITTLESEA,114,44,2020-07-11
MELTON,102,28,2020-07-11
DAREBIN,89,30,2020-07-11
BOROONDARA,88,12,2020-07-11
GREATER GEELONG,73,5,2020-07-11
MONASH,73,19,2020-07-11
MARIBYRNONG,71,35,2020-07-11
INTERSTATE,70,2,2020-07-11
YARRA,68,26,2020-07-11
MORNINGTON PENINSULA,64,0,2020-07-11
GLEN EIRA,63,3,2020-07-11
PORT PHILLIP,63,10,2020-07-11
MANNINGHAM,50,14,2020-07-11
HOBSONS BAY,48,18,2020-07-11
WHITEHORSE,45,17,2020-07-11
FRANKSTON,44,3,2020-07-11
BAYSIDE,39,3,2020-07-11
KINGSTON,39,4,2020-07-11
GREATER DANDENONG,31,4,2020-07-11
UNKNOWN,31,27,2020-07-11
YARRA RANGES,31,5,2020-07-11
KNOX,29,5,2020-07-11
NILLUMBIK,29,2,2020-07-11
MITCHELL,26,12,2020-07-11
CARDINIA,25,3,2020-07-11
MAROONDAH,21,5,2020-07-11
GREATER SHEPPARTON,16,1,2020-07-11
WELLINGTON,13,0,2020-07-11
GREATER BENDIGO,12,3,2020-07-11
BALLARAT,11,0,2020-07-11
MOIRA,11,0,2020-07-11
SURF COAST,10,1,2020-07-11
LATROBE,9,0,2020-07-11
MACEDON RANGES,9,0,2020-07-11
BAW BAW,7,2,2020-07-11
MOUNT ALEXANDER,6,0,2020-07-11
SOUTH GIPPSLAND,6,1,2020-07-11
ARARAT,5,0,2020-07-11
CAMPASPE,5,0,2020-07-11
MILDURA,5,0,2020-07-11
WARRNAMBOOL,5,0,2020-07-11
BASS COAST,4,0,2020-07-11
OVERSEAS,4,0,2020-07-11
SWAN HILL,4,0,2020-07-11
BENALLA,3,0,2020-07-11
HORSHAM,3,0,2020-07-11
LODDON,3,0,2020-07-11
MANSFIELD,3,0,2020-07-11
MOORABOOL,3,0,2020-07-11
NORTHERN GRAMPIANS,3,0,2020-07-11
EAST GIPPSLAND,2,1,2020-07-11
GANNAWARRA,2,0,2020-07-11
GOLDEN PLAINS,2,1,2020-07-11
HEPBURN,2,0,2020-07-11
MURRINDINDI,2,0,2020-07-11
SOUTHERN GRAMPIANS,2,0,2020-07-11
STRATHBOGIE,2,0,2020-07-11
WANGARATTA,2,0,2020-07-11
ALPINE,1,0,2020-07-11
CENTRAL GOLDFIELDS,1,0,2020-07-11
CORANGAMITE,1,0,2020-07-11
GLENELG,1,0,2020-07-11
MOYNE,1,0,2020-07-11
WEST WIMMERA,1,0,2020-07-11
WODONGA,1,0,2020-07-11
YARRIAMBIACK,1,0,2020-07-11
Total,3560,1249,2020-07-11
HUME,416,222,2020-07-13
MELBOURNE,312,217,2020-07-13
WYNDHAM,306,209,2020-07-13
BRIMBANK,271,127,2020-07-13
MOONEE VALLEY,271,178,2020-07-13
MORELAND,200,88,2020-07-13
CASEY,144,23,2020-07-13
BANYULE,140,42,2020-07-13
WHITTLESEA,137,64,2020-07-13
MELTON,127,51,2020-07-13
STONNINGTON,120,18,2020-07-13
DAREBIN,106,42,2020-07-13
BOROONDARA,94,18,2020-07-13
YARRA,86,41,2020-07-13
MARIBYRNONG,84,43,2020-07-13
INTERSTATE,81,3,2020-07-13
MONASH,76,22,2020-07-13
GREATER GEELONG,74,5,2020-07-13
PORT PHILLIP,72,19,2020-07-13
MORNINGTON PENINSULA,65,1,2020-07-13
GLEN EIRA,64,4,2020-07-13
HOBSONS BAY,57,26,2020-07-13
MANNINGHAM,54,17,2020-07-13
WHITEHORSE,52,24,2020-07-13
FRANKSTON,44,3,2020-07-13
BAYSIDE,40,5,2020-07-13
KINGSTON,40,5,2020-07-13
UNKNOWN,36,33,2020-07-13
GREATER DANDENONG,32,3,2020-07-13
NILLUMBIK,31,4,2020-07-13
YARRA RANGES,31,4,2020-07-13
KNOX,30,6,2020-07-13
CARDINIA,27,4,2020-07-13
MITCHELL,27,12,2020-07-13
MAROONDAH,23,7,2020-07-13
GREATER SHEPPARTON,18,3,2020-07-13
GREATER BENDIGO,13,4,2020-07-13
WELLINGTON,13,0,2020-07-13
BALLARAT,11,0,2020-07-13
MOIRA,11,0,2020-07-13
MACEDON RANGES,10,1,2020-07-13
SURF COAST,10,1,2020-07-13
LATROBE,9,0,2020-07-13
BAW BAW,8,3,2020-07-13
BASS COAST,7,3,2020-07-13
CAMPASPE,6,1,2020-07-13
MOUNT ALEXANDER,6,0,2020-07-13
SOUTH GIPPSLAND,6,1,2020-07-13
WARRNAMBOOL,6,1,2020-07-13
ARARAT,5,0,2020-07-13
MILDURA,5,0,2020-07-13
MOORABOOL,5,2,2020-07-13
OVERSEAS,5,0,2020-07-13
SWAN HILL,5,1,2020-07-13
BENALLA,3,0,2020-07-13
HORSHAM,3,0,2020-07-13
LODDON,3,0,2020-07-13
MANSFIELD,3,0,2020-07-13
NORTHERN GRAMPIANS,3,0,2020-07-13
EAST GIPPSLAND,2,1,2020-07-13
GANNAWARRA,2,0,2020-07-13
HEPBURN,2,0,2020-07-13
MURRINDINDI,2,0,2020-07-13
SOUTHERN GRAMPIANS,2,0,2020-07-13
STRATHBOGIE,2,0,2020-07-13
WANGARATTA,2,0,2020-07-13
ALPINE,1,0,2020-07-13
CENTRAL GOLDFIELDS,1,0,2020-07-13
CORANGAMITE,1,0,2020-07-13
GLENELG,1,0,2020-07-13
GOLDEN PLAINS,1,0,2020-07-13
MOYNE,1,0,2020-07-13
WEST WIMMERA,1,0,2020-07-13
WODONGA,1,0,2020-07-13
YARRIAMBIACK,1,0,2020-07-13
TOTAL,3967,1612,2020-07-13
HUME,448,246,2020-07-14
WYNDHAM,333,231,2020-07-14
MELBOURNE,326,211,2020-07-14
BRIMBANK,303,153,2020-07-14
MOONEE VALLEY,297,195,2020-07-14
MORELAND,212,97,2020-07-14
CASEY,150,29,2020-07-14
BANYULE,149,51,2020-07-14
WHITTLESEA,147,70,2020-07-14
MELTON,134,58,2020-07-14
STONNINGTON,122,20,2020-07-14
DAREBIN,117,51,2020-07-14
BOROONDARA,99,23,2020-07-14
MARIBYRNONG,94,52,2020-07-14
YARRA,94,47,2020-07-14
INTERSTATE,81,3,2020-07-14
MONASH,76,21,2020-07-14
GREATER GEELONG,75,6,2020-07-14
PORT PHILLIP,72,17,2020-07-14
GLEN EIRA,66,6,2020-07-14
MORNINGTON PENINSULA,66,2,2020-07-14
HOBSONS BAY,63,32,2020-07-14
MANNINGHAM,63,24,2020-07-14
WHITEHORSE,57,29,2020-07-14
FRANKSTON,44,3,2020-07-14
UNKNOWN,41,38,2020-07-14
KINGSTON,41,5,2020-07-14
BAYSIDE,40,5,2020-07-14
NILLUMBIK,35,8,2020-07-14
GREATER DANDENONG,34,5,2020-07-14
YARRA RANGES,32,5,2020-07-14
CARDINIA,31,8,2020-07-14
KNOX,30,6,2020-07-14
MITCHELL,27,12,2020-07-14
MAROONDAH,24,8,2020-07-14
GREATER SHEPPARTON,17,2,2020-07-14
GREATER BENDIGO,13,4,2020-07-14
WELLINGTON,13,0,2020-07-14
BALLARAT,11,0,2020-07-14
MOIRA,11,0,2020-07-14
LATROBE,10,1,2020-07-14
MACEDON RANGES,10,1,2020-07-14
SURF COAST,10,1,2020-07-14
BAW BAW,8,3,2020-07-14
BASS COAST,7,3,2020-07-14
SOUTH GIPPSLAND,7,2,2020-07-14
CAMPASPE,6,1,2020-07-14
WARRNAMBOOL,6,1,2020-07-14
MOUNT ALEXANDER,6,0,2020-07-14
MOORABOOL,5,2,2020-07-14
SWAN HILL,5,1,2020-07-14
ARARAT,5,0,2020-07-14
MILDURA,5,0,2020-07-14
OVERSEAS,5,0,2020-07-14
GOLDEN PLAINS,4,3,2020-07-14
BENALLA,3,0,2020-07-14
HORSHAM,3,0,2020-07-14
LODDON,3,0,2020-07-14
MANSFIELD,3,0,2020-07-14
NORTHERN GRAMPIANS,3,0,2020-07-14
EAST GIPPSLAND,2,1,2020-07-14
GANNAWARRA,2,0,2020-07-14
HEPBURN,2,0,2020-07-14
MURRINDINDI,2,0,2020-07-14
SOUTHERN GRAMPIANS,2,0,2020-07-14
STRATHBOGIE,2,0,2020-07-14
WANGARATTA,2,0,2020-07-14
ALPINE,1,0,2020-07-14
CENTRAL GOLDFIELDS,1,0,2020-07-14
CORANGAMITE,1,0,2020-07-14
GLENELG,1,0,2020-07-14
MOYNE,1,0,2020-07-14
WEST WIMMERA,1,0,2020-07-14
WODONGA,1,0,2020-07-14
YARRIAMBIACK,1,0,2020-07-14
BULOKE,0,0,2020-07-14
COLAC OTWAY,0,0,2020-07-14
HINDMARSH,0,0,2020-07-14
INDIGO,0,0,2020-07-14
PYRENEES,0,0,2020-07-14
QUEENSCLIFFE,0,0,2020-07-14
TOWONG,0,0,2020-07-14
Total,4224,1803,2020-07-14
LGA,Confirmed cases (ever),Active cases (current),2020-07-17
HUME,530,280,2020-07-17
WYNDHAM,455,299,2020-07-17
BRIMBANK,412,238,2020-07-17
MELBOURNE,410,264,2020-07-17
MOONEE VALLEY,353,223,2020-07-17
MORELAND,266,133,2020-07-17
BANYULE,207,107,2020-07-17
WHITTLESEA,198,109,2020-07-17
MELTON,189,106,2020-07-17
CASEY,173,46,2020-07-17
DAREBIN,139,70,2020-07-17
STONNINGTON,137,32,2020-07-17
YARRA,130,76,2020-07-17
MARIBYRNONG,121,68,2020-07-17
BOROONDARA,110,31,2020-07-17
HOBSONS BAY,92,53,2020-07-17
MONASH,84,26,2020-07-17
INTERSTATE,82,4,2020-07-17
PORT PHILLIP,82,25,2020-07-17
GREATER GEELONG,77,8,2020-07-17
GLEN EIRA,73,13,2020-07-17
MANNINGHAM,73,32,2020-07-17
MORNINGTON PENINSULA,71,7,2020-07-17
WHITEHORSE,69,38,2020-07-17
KINGSTON,49,13,2020-07-17
FRANKSTON,47,6,2020-07-17
GREATER DANDENONG,47,18,2020-07-17
BAYSIDE,41,5,2020-07-17
NILLUMBIK,39,11,2020-07-17
CARDINIA,37,12,2020-07-17
KNOX,35,10,2020-07-17
YARRA RANGES,33,6,2020-07-17
MITCHELL,31,16,2020-07-17
MAROONDAH,27,10,2020-07-17
GREATER SHEPPARTON,17,1,2020-07-17
BALLARAT,16,5,2020-07-17
GREATER BENDIGO,13,3,2020-07-17
WELLINGTON,13,0,2020-07-17
MACEDON RANGES,12,3,2020-07-17
LATROBE,11,2,2020-07-17
MOIRA,11,0,2020-07-17
SURF COAST,10,1,2020-07-17
BAW BAW,8,3,2020-07-17
SOUTH GIPPSLAND,7,2,2020-07-17
BASS COAST,6,2,2020-07-17
MOUNT ALEXANDER,6,0,2020-07-17
WARRNAMBOOL,6,1,2020-07-17
ARARAT,5,0,2020-07-17
CAMPASPE,5,0,2020-07-17
GOLDEN PLAINS,5,4,2020-07-17
HORSHAM,5,2,2020-07-17
MILDURA,5,0,2020-07-17
MOORABOOL,5,2,2020-07-17
OVERSEAS,5,0,2020-07-17
SWAN HILL,5,1,2020-07-17
BENALLA,3,0,2020-07-17
LODDON,3,0,2020-07-17
MANSFIELD,3,0,2020-07-17
NORTHERN GRAMPIANS,3,0,2020-07-17
EAST GIPPSLAND,2,1,2020-07-17
GANNAWARRA,2,0,2020-07-17
HEPBURN,2,0,2020-07-17
MURRINDINDI,2,0,2020-07-17
SOUTHERN GRAMPIANS,2,0,2020-07-17
STRATHBOGIE,2,0,2020-07-17
WANGARATTA,2,0,2020-07-17
ALPINE,1,0,2020-07-17
CENTRAL GOLDFIELDS,1,0,2020-07-17
CORANGAMITE,1,0,2020-07-17
GLENELG,1,0,2020-07-17
MOYNE,1,0,2020-07-17
WEST WIMMERA,1,0,2020-07-17
WODONGA,1,0,2020-07-17
YARRIAMBIACK,1,0,2020-07-17
BULOKE,0,0,2020-07-17
COLAC OTWAY,0,0,2020-07-17
HINDMARSH,0,0,2020-07-17
INDIGO,0,0,2020-07-17
PYRENEES,0,0,2020-07-17
QUEENSCLIFFE,0,0,2020-07-17
TOWONG,0,0,2020-07-17
UNKNOWN,36,34,2020-07-17
TOTAL,5165,2462,2020-07-17
HUME,545,277,2020-07-18
WYNDHAM,480,308,2020-07-18
MELBOURNE,427,289,2020-07-18
BRIMBANK,419,240,2020-07-18
MOONEE VALLEY,365,234,2020-07-18
MORELAND,276,137,2020-07-18
BANYULE,211,110,2020-07-18
WHITTLESEA,211,126,2020-07-18
MELTON,193,110,2020-07-18
CASEY,190,62,2020-07-18
DAREBIN,148,78,2020-07-18
YARRA,140,87,2020-07-18
STONNINGTON,139,33,2020-07-18
MARIBYRNONG,125,73,2020-07-18
BOROONDARA,113,32,2020-07-18
HOBSONS BAY,97,59,2020-07-18
MONASH,86,30,2020-07-18
PORT PHILLIP,85,28,2020-07-18
INTERSTATE,82,4,2020-07-18
GREATER GEELONG,77,6,2020-07-18
GLEN EIRA,75,15,2020-07-18
MANNINGHAM,75,32,2020-07-18
WHITEHORSE,74,43,2020-07-18
MORNINGTON PENINSULA,72,8,2020-07-18
GREATER DANDENONG,50,21,2020-07-18
KINGSTON,49,14,2020-07-18
FRANKSTON,48,6,2020-07-18
BAYSIDE,43,7,2020-07-18
CARDINIA,39,13,2020-07-18
NILLUMBIK,38,10,2020-07-18
KNOX,36,9,2020-07-18
MITCHELL,33,18,2020-07-18
UNKNOWN,33,30,2020-07-18
YARRA RANGES,33,6,2020-07-18
MAROONDAH,27,10,2020-07-18
BALLARAT,19,8,2020-07-18
GREATER SHEPPARTON,17,2,2020-07-18
GREATER BENDIGO,14,4,2020-07-18
MACEDON RANGES,13,4,2020-07-18
WELLINGTON,13,0,2020-07-18
LATROBE,11,2,2020-07-18
MOIRA,11,0,2020-07-18
SURF COAST,10,1,2020-07-18
BAW BAW,8,3,2020-07-18
SOUTH GIPPSLAND,7,2,2020-07-18
BASS COAST,6,2,2020-07-18
HORSHAM,6,3,2020-07-18
MOORABOOL,6,3,2020-07-18
MOUNT ALEXANDER,6,0,2020-07-18
ARARAT,5,0,2020-07-18
CAMPASPE,5,0,2020-07-18
GOLDEN PLAINS,5,4,2020-07-18
MILDURA,5,0,2020-07-18
OVERSEAS,5,0,2020-07-18
SWAN HILL,5,1,2020-07-18
WARRNAMBOOL,5,0,2020-07-18
BENALLA,3,0,2020-07-18
LODDON,3,0,2020-07-18
MANSFIELD,3,0,2020-07-18
NORTHERN GRAMPIANS,3,0,2020-07-18
COLAC OTWAY,2,2,2020-07-18
EAST GIPPSLAND,2,1,2020-07-18
GANNAWARRA,2,0,2020-07-18
GLENELG,2,1,2020-07-18
HEPBURN,2,0,2020-07-18
MURRINDINDI,2,0,2020-07-18
SOUTHERN GRAMPIANS,2,0,2020-07-18
STRATHBOGIE,2,0,2020-07-18
WANGARATTA,2,0,2020-07-18
ALPINE,1,0,2020-07-18
CENTRAL GOLDFIELDS,1,0,2020-07-18
CORANGAMITE,1,0,2020-07-18
MOYNE,1,0,2020-07-18
WEST WIMMERA,1,0,2020-07-18
WODONGA,1,0,2020-07-18
YARRIAMBIACK,1,0,2020-07-18
HUME,185,85,2020-07-02
BRIMBANK,142,49,2020-07-02
MORELAND,115,32,2020-07-02
CASEY,113,21,2020-07-02
MELBOURNE,112,29,2020-07-02
STONNINGTON,104,6,2020-07-02
BANYULE,99,4,2020-07-02
WYNDHAM,81,22,2020-07-02
MOONEE VALLEY,80,32,2020-07-02
BOROONDARA,76,2,2020-07-02
MELTON,71,19,2020-07-02
GREATER GEELONG,68,2,2020-07-02
WHITTLESEA,67,21,2020-07-02
INTERSTATE,64,2,2020-07-02
MORNINGTON PENINSULA,63,0,2020-07-02
DAREBIN,60,8,2020-07-02
GLEN EIRA,60,4,2020-07-02
MONASH,55,1,2020-07-02
PORT PHILLIP,52,5,2020-07-02
YARRA,44,12,2020-07-02
FRANKSTON,41,1,2020-07-02
BAYSIDE,36,2,2020-07-02
MANNINGHAM,35,2,2020-07-02
MARIBYRNONG,35,10,2020-07-02
KINGSTON,34,4,2020-07-02
GREATER DANDENONG,28,3,2020-07-02
NILLUMBIK,28,1,2020-07-02
WHITEHORSE,28,3,2020-07-02
YARRA RANGES,27,1,2020-07-02
HOBSONS BAY,26,5,2020-07-02
KNOX,23,3,2020-07-02
CARDINIA,22,0,2020-07-02
MAROONDAH,16,0,2020-07-02
MITCHELL,16,5,2020-07-02
GREATER SHEPPARTON,14,0,2020-07-02
WELLINGTON,12,0,2020-07-02
BALLARAT,11,0,2020-07-02
MOIRA,11,0,2020-07-02
GREATER BENDIGO,10,2,2020-07-02
LATROBE,9,1,2020-07-02
MACEDON RANGES,9,0,2020-07-02
SURF COAST,9,0,2020-07-02
MOUNT ALEXANDER,6,0,2020-07-02
ARARAT,5,0,2020-07-02
BAW BAW,5,0,2020-07-02
CAMPASPE,5,0,2020-07-02
MILDURA,5,0,2020-07-02
SOUTH GIPPSLAND,5,0,2020-07-02
WARRNAMBOOL,5,0,2020-07-02
BASS COAST,4,0,2020-07-02
OVERSEAS,4,0,2020-07-02
SWAN HILL,4,0,2020-07-02
BENALLA,3,0,2020-07-02
HORSHAM,3,0,2020-07-02
LODDON,3,0,2020-07-02
MANSFIELD,3,0,2020-07-02
MOORABOOL,3,0,2020-07-02
NORTHERN GRAMPIANS,3,0,2020-07-02
GANNAWARRA,2,0,2020-07-02
HEPBURN,2,0,2020-07-02
MURRINDINDI,2,0,2020-07-02
SOUTHERN GRAMPIANS,2,0,2020-07-02
STRATHBOGIE,2,0,2020-07-02
WANGARATTA,2,0,2020-07-02
ALPINE,1,0,2020-07-02
CENTRAL GOLDFIELDS,1,0,2020-07-02
CORANGAMITE,1,0,2020-07-02
EAST GIPPSLAND,1,0,2020-07-02
GLENELG,1,0,2020-07-02
GOLDEN PLAINS,1,0,2020-07-02
MOYNE,1,0,2020-07-02
WEST WIMMERA,1,0,2020-07-02
WODONGA,1,0,2020-07-02
YARRIAMBIACK,1,0,2020-07-02
UNKNOWN,24,16,2020-07-02
Total,2303,415,2020-07-02
HUME,593,286,2020-07-20
WYNDHAM,552,350,2020-07-20
BRIMBANK,471,271,2020-07-20
MELBOURNE,455,274,2020-07-20
MOONEE VALLEY,387,220,2020-07-20
MORELAND,313,160,2020-07-20
WHITTLESEA,253,155,2020-07-20
BANYULE,233,122,2020-07-20
MELTON,219,125,2020-07-20
CASEY,213,78,2020-07-20
YARRA,171,111,2020-07-20
DAREBIN,160,84,2020-07-20
MARIBYRNONG,149,90,2020-07-20
STONNINGTON,144,35,2020-07-20
BOROONDARA,123,38,2020-07-20
HOBSONS BAY,106,58,2020-07-20
MONASH,93,33,2020-07-20
PORT PHILLIP,92,32,2020-07-20
GREATER GEELONG,84,13,2020-07-20
INTERSTATE,82,4,2020-07-20
WHITEHORSE,81,48,2020-07-20
MANNINGHAM,79,36,2020-07-20
GLEN EIRA,77,17,2020-07-20
MORNINGTON PENINSULA,72,7,2020-07-20
GREATER DANDENONG,69,37,2020-07-20
KINGSTON,57,20,2020-07-20
FRANKSTON,54,12,2020-07-20
BAYSIDE,50,14,2020-07-20
CARDINIA,44,17,2020-07-20
NILLUMBIK,41,11,2020-07-20
KNOX,40,12,2020-07-20
YARRA RANGES,36,9,2020-07-20
MITCHELL,33,13,2020-07-20
MAROONDAH,29,12,2020-07-20
BALLARAT,20,9,2020-07-20
GREATER SHEPPARTON,17,2,2020-07-20
GREATER BENDIGO,14,4,2020-07-20
MACEDON RANGES,14,5,2020-07-20
WELLINGTON,13,0,2020-07-20
COLAC OTWAY,12,12,2020-07-20
LATROBE,12,3,2020-07-20
MOIRA,11,0,2020-07-20
SURF COAST,10,1,2020-07-20
BAW BAW,8,3,2020-07-20
SOUTH GIPPSLAND,8,3,2020-07-20
BASS COAST,6,2,2020-07-20
GOLDEN PLAINS,6,5,2020-07-20
HORSHAM,6,3,2020-07-20
MOORABOOL,6,3,2020-07-20
MOUNT ALEXANDER,6,0,2020-07-20
ARARAT,5,0,2020-07-20
CAMPASPE,5,0,2020-07-20
MILDURA,5,0,2020-07-20
OVERSEAS,5,0,2020-07-20
SWAN HILL,5,1,2020-07-20
WARRNAMBOOL,5,0,2020-07-20
LODDON,4,1,2020-07-20
BENALLA,3,0,2020-07-20
GLENELG,3,2,2020-07-20
MANSFIELD,3,0,2020-07-20
NORTHERN GRAMPIANS,3,0,2020-07-20
EAST GIPPSLAND,2,1,2020-07-20
GANNAWARRA,2,0,2020-07-20
HEPBURN,2,0,2020-07-20
MURRINDINDI,2,0,2020-07-20
SOUTHERN GRAMPIANS,2,0,2020-07-20
STRATHBOGIE,2,0,2020-07-20
WANGARATTA,2,0,2020-07-20
ALPINE,1,0,2020-07-20
CENTRAL GOLDFIELDS,1,0,2020-07-20
CORANGAMITE,1,0,2020-07-20
MOYNE,1,0,2020-07-20
WEST WIMMERA,1,0,2020-07-20
WODONGA,1,0,2020-07-20
YARRIAMBIACK,1,0,2020-07-20
BULOKE,0,0,2020-07-20
HINDMARSH,0,0,2020-07-20
INDIGO,0,0,2020-07-20
PYRENEES,0,0,2020-07-20
QUEENSCLIFFE,0,0,2020-07-20
TOWONG,0,0,2020-07-20
UNKNOWN,51,49,2020-07-20
Total,5942,2913,2020-07-20
HUME,626,308,2020-07-21
WYNDHAM,588,370,2020-07-21
BRIMBANK,495,289,2020-07-21
MELBOURNE,462,272,2020-07-21
MOONEE VALLEY,402,212,2020-07-21
MORELAND,349,191,2020-07-21
WHITTLESEA,270,166,2020-07-21
BANYULE,242,130,2020-07-21
CASEY,240,103,2020-07-21
MELTON,233,135,2020-07-21
YARRA,183,119,2020-07-21
DAREBIN,168,88,2020-07-21
MARIBYRNONG,161,95,2020-07-21
STONNINGTON,146,38,2020-07-21
BOROONDARA,129,43,2020-07-21
HOBSONS BAY,113,65,2020-07-21
MONASH,99,37,2020-07-21
PORT PHILLIP,97,34,2020-07-21
GREATER GEELONG,90,18,2020-07-21
INTERSTATE,83,5,2020-07-21
MANNINGHAM,82,39,2020-07-21
WHITEHORSE,82,48,2020-07-21
GLEN EIRA,78,18,2020-07-21
GREATER DANDENONG,76,44,2020-07-21
MORNINGTON PENINSULA,76,11,2020-07-21
KINGSTON,63,26,2020-07-21
FRANKSTON,55,12,2020-07-21
BAYSIDE,51,15,2020-07-21
CARDINIA,45,18,2020-07-21
KNOX,42,14,2020-07-21
NILLUMBIK,41,11,2020-07-21
YARRA RANGES,38,8,2020-07-21
MITCHELL,34,14,2020-07-21
MAROONDAH,31,13,2020-07-21
COLAC OTWAY,27,27,2020-07-21
BALLARAT,20,9,2020-07-21
GREATER SHEPPARTON,17,2,2020-07-21
GREATER BENDIGO,14,4,2020-07-21
MACEDON RANGES,14,4,2020-07-21
SURF COAST,13,4,2020-07-21
WELLINGTON,13,0,2020-07-21
LATROBE,12,3,2020-07-21
MOIRA,11,0,2020-07-21
GOLDEN PLAINS,9,8,2020-07-21
BAW BAW,8,3,2020-07-21
MOORABOOL,8,5,2020-07-21
SOUTH GIPPSLAND,8,3,2020-07-21
HORSHAM,7,4,2020-07-21
BASS COAST,6,1,2020-07-21
MOUNT ALEXANDER,6,0,2020-07-21
ARARAT,5,0,2020-07-21
CAMPASPE,5,0,2020-07-21
MILDURA,5,0,2020-07-21
OVERSEAS,5,0,2020-07-21
SWAN HILL,5,1,2020-07-21
WARRNAMBOOL,5,0,2020-07-21
GLENELG,4,3,2020-07-21
LODDON,4,1,2020-07-21
MANSFIELD,4,1,2020-07-21
BENALLA,3,0,2020-07-21
NORTHERN GRAMPIANS,3,0,2020-07-21
CORANGAMITE,2,1,2020-07-21
EAST GIPPSLAND,2,1,2020-07-21
GANNAWARRA,2,0,2020-07-21
HEPBURN,2,0,2020-07-21
MURRINDINDI,2,0,2020-07-21
SOUTHERN GRAMPIANS,2,0,2020-07-21
STRATHBOGIE,2,0,2020-07-21
WANGARATTA,2,0,2020-07-21
ALPINE,1,0,2020-07-21
CENTRAL GOLDFIELDS,1,0,2020-07-21
MOYNE,1,0,2020-07-21
WEST WIMMERA,1,0,2020-07-21
WODONGA,1,0,2020-07-21
YARRIAMBIACK,1,0,2020-07-21
BULOKE,0,0,2020-07-21
HINDMARSH,0,0,2020-07-21
INDIGO,0,0,2020-07-21
PYRENEES,0,0,2020-07-21
QUEENSCLIFFE,0,0,2020-07-21
TOWONG,0,0,2020-07-21
UNKNOWN,56,53,2020-07-21
TOTAL,6289,3147,2020-07-21
HUME,666,329,2020-07-22
WYNDHAM,651,412,2020-07-22
BRIMBANK,579,358,2020-07-22
MELBOURNE,495,275,2020-07-22
MOONEE VALLEY,417,206,2020-07-22
MORELAND,374,207,2020-07-22
WHITTLESEA,305,190,2020-07-22
BANYULE,264,145,2020-07-22
MELTON,253,147,2020-07-22
CASEY,247,106,2020-07-22
YARRA,198,127,2020-07-22
MARIBYRNONG,174,103,2020-07-22
DAREBIN,172,85,2020-07-22
STONNINGTON,147,35,2020-07-22
BOROONDARA,134,46,2020-07-22
HOBSONS BAY,117,65,2020-07-22
MONASH,107,40,2020-07-22
PORT PHILLIP,99,35,2020-07-22
GREATER GEELONG,91,18,2020-07-22
GREATER DANDENONG,86,54,2020-07-22
WHITEHORSE,85,50,2020-07-22
INTERSTATE,84,6,2020-07-22
MANNINGHAM,83,39,2020-07-22
GLEN EIRA,81,21,2020-07-22
MORNINGTON PENINSULA,76,11,2020-07-22
KINGSTON,71,33,2020-07-22
FRANKSTON,56,13,2020-07-22
BAYSIDE,52,16,2020-07-22
NILLUMBIK,51,21,2020-07-22
CARDINIA,46,19,2020-07-22
KNOX,46,18,2020-07-22
YARRA RANGES,41,11,2020-07-22
MAROONDAH,34,15,2020-07-22
MITCHELL,34,13,2020-07-22
COLAC OTWAY,26,26,2020-07-22
BALLARAT,21,10,2020-07-22
GREATER SHEPPARTON,17,2,2020-07-22
GREATER BENDIGO,14,4,2020-07-22
MACEDON RANGES,14,4,2020-07-22
LATROBE,13,4,2020-07-22
WELLINGTON,13,0,2020-07-22
SURF COAST,12,2,2020-07-22
MOIRA,11,0,2020-07-22
BAW BAW,9,4,2020-07-22
GOLDEN PLAINS,9,8,2020-07-22
MOORABOOL,8,5,2020-07-22
SOUTH GIPPSLAND,8,3,2020-07-22
HORSHAM,7,4,2020-07-22
BASS COAST,6,1,2020-07-22
MOUNT ALEXANDER,6,0,2020-07-22
SWAN HILL,6,2,2020-07-22
ARARAT,5,0,2020-07-22
CAMPASPE,5,0,2020-07-22
MILDURA,5,0,2020-07-22
OVERSEAS,5,0,2020-07-22
WARRNAMBOOL,5,0,2020-07-22
GLENELG,4,3,2020-07-22
LODDON,4,1,2020-07-22
MANSFIELD,4,1,2020-07-22
BENALLA,3,0,2020-07-22
NORTHERN GRAMPIANS,3,0,2020-07-22
EAST GIPPSLAND,2,1,2020-07-22
GANNAWARRA,2,0,2020-07-22
HEPBURN,2,0,2020-07-22
MURRINDINDI,2,0,2020-07-22
SOUTHERN GRAMPIANS,2,0,2020-07-22
STRATHBOGIE,2,0,2020-07-22
WANGARATTA,2,0,2020-07-22
ALPINE,1,0,2020-07-22
CENTRAL GOLDFIELDS,1,0,2020-07-22
CORANGAMITE,1,0,2020-07-22
MOYNE,1,0,2020-07-22
WEST WIMMERA,1,0,2020-07-22
WODONGA,1,0,2020-07-22
YARRIAMBIACK,1,0,2020-07-22
BULOKE,0,0,2020-07-22
HINDMARSH,0,0,2020-07-22
INDIGO,0,0,2020-07-22
PYRENEES,0,0,2020-07-22
QUEENSCLIFFE,0,0,2020-07-22
TOWONG,0,0,2020-07-22
UNKNOWN,59,54,2020-07-22
Total,6739,3408,2020-07-22
WYNDHAM,694,439,2020-07-23
HUME,693,335,2020-07-23
BRIMBANK,643,411,2020-07-23
MELBOURNE,516,276,2020-07-23
MOONEE VALLEY,433,214,2020-07-23
MORELAND,396,222,2020-07-23
WHITTLESEA,334,213,2020-07-23
MELTON,277,165,2020-07-23
BANYULE,265,140,2020-07-23
CASEY,261,116,2020-07-23
YARRA,205,124,2020-07-23
MARIBYRNONG,186,107,2020-07-23
DAREBIN,181,86,2020-07-23
STONNINGTON,149,35,2020-07-23
BOROONDARA,141,49,2020-07-23
HOBSONS BAY,121,67,2020-07-23
MONASH,109,41,2020-07-23
PORT PHILLIP,102,37,2020-07-23
GREATER DANDENONG,97,63,2020-07-23
GREATER GEELONG,97,23,2020-07-23
MANNINGHAM,89,39,2020-07-23
WHITEHORSE,87,46,2020-07-23
GLEN EIRA,84,24,2020-07-23
INTERSTATE,84,6,2020-07-23
MORNINGTON PENINSULA,77,12,2020-07-23
KINGSTON,72,33,2020-07-23
FRANKSTON,59,15,2020-07-23
BAYSIDE,54,18,2020-07-23
NILLUMBIK,52,22,2020-07-23
KNOX,50,22,2020-07-23
CARDINIA,48,21,2020-07-23
YARRA RANGES,46,16,2020-07-23
MAROONDAH,37,17,2020-07-23
MITCHELL,34,11,2020-07-23
COLAC OTWAY,26,26,2020-07-23
BALLARAT,23,11,2020-07-23
GREATER SHEPPARTON,17,2,2020-07-23
MACEDON RANGES,15,5,2020-07-23
GREATER BENDIGO,14,4,2020-07-23
SURF COAST,14,4,2020-07-23
LATROBE,13,4,2020-07-23
WELLINGTON,13,0,2020-07-23
MOIRA,11,0,2020-07-23
BAW BAW,9,3,2020-07-23
GOLDEN PLAINS,9,8,2020-07-23
MOORABOOL,9,6,2020-07-23
SOUTH GIPPSLAND,8,3,2020-07-23
HORSHAM,7,4,2020-07-23
BASS COAST,6,1,2020-07-23
MOUNT ALEXANDER,6,0,2020-07-23
SWAN HILL,6,2,2020-07-23
ARARAT,5,0,2020-07-23
CAMPASPE,5,0,2020-07-23
MILDURA,5,0,2020-07-23
OVERSEAS,5,0,2020-07-23
WARRNAMBOOL,5,0,2020-07-23
GLENELG,4,3,2020-07-23
LODDON,4,1,2020-07-23
MANSFIELD,4,0,2020-07-23
BENALLA,3,0,2020-07-23
NORTHERN GRAMPIANS,3,0,2020-07-23
WANGARATTA,3,1,2020-07-23
CORANGAMITE,2,1,2020-07-23
EAST GIPPSLAND,2,1,2020-07-23
GANNAWARRA,2,0,2020-07-23
HEPBURN,2,0,2020-07-23
MURRINDINDI,2,0,2020-07-23
SOUTHERN GRAMPIANS,2,0,2020-07-23
STRATHBOGIE,2,0,2020-07-23
ALPINE,1,0,2020-07-23
CENTRAL GOLDFIELDS,1,0,2020-07-23
MOYNE,1,0,2020-07-23
WEST WIMMERA,1,0,2020-07-23
WODONGA,1,0,2020-07-23
YARRIAMBIACK,1,0,2020-07-23
BULOKE,0,0,2020-07-23
HINDMARSH,0,0,2020-07-23
INDIGO,0,0,2020-07-23
PYRENEES,0,0,2020-07-23
QUEENSCLIFFE,0,0,2020-07-23
TOWONG,0,0,2020-07-23
UNKNOWN,80,75,2020-07-23
Total,7125,3630,2020-07-23
WYNDHAM,730,460,2020-07-24
HUME,717,343,2020-07-24
BRIMBANK,683,436,2020-07-24
MELBOURNE,518,263,2020-07-24
MOONEE VALLEY,449,207,2020-07-24
MORELAND,413,227,2020-07-24
WHITTLESEA,358,228,2020-07-24
MELTON,287,169,2020-07-24
CASEY,276,130,2020-07-24
BANYULE,275,139,2020-07-24
YARRA,211,123,2020-07-24
MARIBYRNONG,195,107,2020-07-24
DAREBIN,184,83,2020-07-24
STONNINGTON,151,36,2020-07-24
BOROONDARA,145,50,2020-07-24
HOBSONS BAY,125,64,2020-07-24
MONASH,112,43,2020-07-24
GREATER DANDENONG,104,70,2020-07-24
GREATER GEELONG,103,29,2020-07-24
PORT PHILLIP,102,35,2020-07-24
WHITEHORSE,93,45,2020-07-24
MANNINGHAM,90,36,2020-07-24
GLEN EIRA,87,27,2020-07-24
INTERSTATE,85,7,2020-07-24
KINGSTON,78,38,2020-07-24
MORNINGTON PENINSULA,78,13,2020-07-24
UNKNOWN,66,62,2020-07-24
FRANKSTON,61,18,2020-07-24
BAYSIDE,59,23,2020-07-24
NILLUMBIK,53,22,2020-07-24
CARDINIA,51,23,2020-07-24
KNOX,51,22,2020-07-24
YARRA RANGES,51,20,2020-07-24
COLAC OTWAY,43,43,2020-07-24
MAROONDAH,38,18,2020-07-24
MITCHELL,34,11,2020-07-24
BALLARAT,23,11,2020-07-24
GREATER SHEPPARTON,17,1,2020-07-24
MACEDON RANGES,16,6,2020-07-24
GREATER BENDIGO,14,4,2020-07-24
SURF COAST,14,4,2020-07-24
LATROBE,13,4,2020-07-24
WELLINGTON,13,0,2020-07-24
MOIRA,11,0,2020-07-24
BAW BAW,9,3,2020-07-24
GOLDEN PLAINS,9,6,2020-07-24
MOORABOOL,9,6,2020-07-24
SOUTH GIPPSLAND,9,4,2020-07-24
HORSHAM,8,5,2020-07-24
MOUNT ALEXANDER,7,1,2020-07-24
BASS COAST,6,1,2020-07-24
SWAN HILL,6,2,2020-07-24
ARARAT,5,0,2020-07-24
CAMPASPE,5,0,2020-07-24
MILDURA,5,0,2020-07-24
OVERSEAS,5,0,2020-07-24
WARRNAMBOOL,5,0,2020-07-24
GLENELG,4,3,2020-07-24
LODDON,4,1,2020-07-24
MANSFIELD,4,0,2020-07-24
BENALLA,3,0,2020-07-24
NORTHERN GRAMPIANS,3,0,2020-07-24
CORANGAMITE,2,1,2020-07-24
EAST GIPPSLAND,2,1,2020-07-24
GANNAWARRA,2,0,2020-07-24
HEPBURN,2,0,2020-07-24
MURRINDINDI,2,0,2020-07-24
SOUTHERN GRAMPIANS,2,0,2020-07-24
STRATHBOGIE,2,0,2020-07-24
WANGARATTA,2,0,2020-07-24
ALPINE,1,0,2020-07-24
CENTRAL GOLDFIELDS,1,0,2020-07-24
MOYNE,1,0,2020-07-24
WEST WIMMERA,1,0,2020-07-24
WODONGA,1,0,2020-07-24
YARRIAMBIACK,1,0,2020-07-24
BULOKE,0,0,2020-07-24
HINDMARSH,0,0,2020-07-24
INDIGO,0,0,2020-07-24
PYRENEES,0,0,2020-07-24
QUEENSCLIFFE,0,0,2020-07-24
TOWONG,0,0,2020-07-24
Total,7405,3734,2020-07-24
WYNDHAM,756,474,2020-07-25
BRIMBANK,730,481,2020-07-25
HUME,728,338,2020-07-25
MELBOURNE,542,281,2020-07-25
MOONEE VALLEY,473,227,2020-07-25
MORELAND,429,238,2020-07-25
WHITTLESEA,379,245,2020-07-25
MELTON,318,195,2020-07-25
CASEY,296,149,2020-07-25
BANYULE,288,147,2020-07-25
YARRA,218,126,2020-07-25
MARIBYRNONG,205,117,2020-07-25
DAREBIN,193,91,2020-07-25
STONNINGTON,155,39,2020-07-25
BOROONDARA,151,52,2020-07-25
HOBSONS BAY,133,73,2020-07-25
GREATER DANDENONG,118,84,2020-07-25
MONASH,118,49,2020-07-25
PORT PHILLIP,111,42,2020-07-25
GREATER GEELONG,104,29,2020-07-25
WHITEHORSE,97,49,2020-07-25
MANNINGHAM,93,40,2020-07-25
GLEN EIRA,90,28,2020-07-25
INTERSTATE,85,7,2020-07-25
KINGSTON,82,42,2020-07-25
MORNINGTON PENINSULA,80,14,2020-07-25
BAYSIDE,63,26,2020-07-25
FRANKSTON,62,18,2020-07-25
YARRA RANGES,57,26,2020-07-25
KNOX,55,26,2020-07-25
NILLUMBIK,55,24,2020-07-25
CARDINIA,53,24,2020-07-25
COLAC OTWAY,46,46,2020-07-25
MAROONDAH,40,20,2020-07-25
MITCHELL,34,9,2020-07-25
BALLARAT,24,11,2020-07-25
MACEDON RANGES,18,8,2020-07-25
GREATER SHEPPARTON,17,1,2020-07-25
GREATER BENDIGO,14,4,2020-07-25
SURF COAST,14,4,2020-07-25
LATROBE,13,4,2020-07-25
WELLINGTON,13,0,2020-07-25
MOORABOOL,12,9,2020-07-25
MOIRA,11,0,2020-07-25
HORSHAM,10,7,2020-07-25
GOLDEN PLAINS,9,6,2020-07-25
SOUTH GIPPSLAND,9,4,2020-07-25
BAW BAW,9,3,2020-07-25
MOUNT ALEXANDER,7,1,2020-07-25
GLENELG,6,5,2020-07-25
SWAN HILL,6,2,2020-07-25
BASS COAST,6,1,2020-07-25
ARARAT,5,0,2020-07-25
CAMPASPE,5,0,2020-07-25
MILDURA,5,0,2020-07-25
OVERSEAS,5,0,2020-07-25
WARRNAMBOOL,5,0,2020-07-25
LODDON,4,1,2020-07-25
MANSFIELD,4,1,2020-07-25
BENALLA,3,0,2020-07-25
NORTHERN GRAMPIANS,3,0,2020-07-25
EAST GIPPSLAND,2,1,2020-07-25
GANNAWARRA,2,0,2020-07-25
HEPBURN,2,0,2020-07-25
MURRINDINDI,2,0,2020-07-25
SOUTHERN GRAMPIANS,2,0,2020-07-25
STRATHBOGIE,2,0,2020-07-25
WANGARATTA,2,0,2020-07-25
ALPINE,1,0,2020-07-25
CENTRAL GOLDFIELDS,1,0,2020-07-25
CORANGAMITE,1,0,2020-07-25
MOYNE,1,0,2020-07-25
WEST WIMMERA,1,0,2020-07-25
WODONGA,1,0,2020-07-25
YARRIAMBIACK,1,0,2020-07-25
BULOKE,0,0,2020-07-25
HINDMARSH,0,0,2020-07-25
INDIGO,0,0,2020-07-25
PYRENEES,0,0,2020-07-25
QUEENSCLIFFE,0,0,2020-07-25
TOWONG,0,0,2020-07-25
UNKNOWN,49,46,2020-07-25
TOTAL,7744,3995,2020-07-25
LGA,Confirmed cases (ever),Active cases (current),2020-07-26
WYNDHAM,794,476,2020-07-26
BRIMBANK,784,515,2020-07-26
HUME,763,354,2020-07-26
MELBOURNE,560,279,2020-07-26
MOONEE VALLEY,484,217,2020-07-26
MORELAND,470,271,2020-07-26
WHITTLESEA,409,262,2020-07-26
MELTON,341,211,2020-07-26
CASEY,310,157,2020-07-26
BANYULE,301,153,2020-07-26
YARRA,228,133,2020-07-26
MARIBYRNONG,220,128,2020-07-26
DAREBIN,203,96,2020-07-26
STONNINGTON,160,40,2020-07-26
BOROONDARA,155,52,2020-07-26
HOBSONS BAY,138,76,2020-07-26
MONASH,125,53,2020-07-26
GREATER DANDENONG,122,87,2020-07-26
PORT PHILLIP,114,44,2020-07-26
GREATER GEELONG,106,31,2020-07-26
WHITEHORSE,104,55,2020-07-26
GLEN EIRA,95,31,2020-07-26
MANNINGHAM,94,38,2020-07-26
KINGSTON,86,46,2020-07-26
MORNINGTON PENINSULA,80,13,2020-07-26
FRANKSTON,74,28,2020-07-26
YARRA RANGES,69,37,2020-07-26
BAYSIDE,67,30,2020-07-26
NILLUMBIK,65,34,2020-07-26
KNOX,62,33,2020-07-26
CARDINIA,53,23,2020-07-26
COLAC OTWAY,48,47,2020-07-26
MAROONDAH,45,24,2020-07-26
MITCHELL,36,11,2020-07-26
BALLARAT,24,11,2020-07-26
MACEDON RANGES,18,8,2020-07-26
GREATER SHEPPARTON,17,1,2020-07-26
GREATER BENDIGO,16,6,2020-07-26
SURF COAST,14,4,2020-07-26
LATROBE,13,4,2020-07-26
WELLINGTON,13,0,2020-07-26
MOORABOOL,12,9,2020-07-26
MOIRA,11,0,2020-07-26
HORSHAM,10,7,2020-07-26
BAW BAW,9,3,2020-07-26
GOLDEN PLAINS,9,5,2020-07-26
SOUTH GIPPSLAND,9,4,2020-07-26
GLENELG,7,6,2020-07-26
MOUNT ALEXANDER,7,1,2020-07-26
BASS COAST,6,1,2020-07-26
SWAN HILL,6,2,2020-07-26
WARRNAMBOOL,6,1,2020-07-26
ARARAT,5,0,2020-07-26
CAMPASPE,5,0,2020-07-26
LODDON,5,2,2020-07-26
MILDURA,5,0,2020-07-26
OVERSEAS,5,0,2020-07-26
MANSFIELD,4,1,2020-07-26
BENALLA,3,0,2020-07-26
NORTHERN GRAMPIANS,3,0,2020-07-26
EAST GIPPSLAND,2,1,2020-07-26
GANNAWARRA,2,0,2020-07-26
HEPBURN,2,0,2020-07-26
MURRINDINDI,2,0,2020-07-26
SOUTHERN GRAMPIANS,2,0,2020-07-26
STRATHBOGIE,2,0,2020-07-26
WANGARATTA,2,0,2020-07-26
ALPINE,1,0,2020-07-26
CENTRAL GOLDFIELDS,1,0,2020-07-26
CORANGAMITE,1,0,2020-07-26
MOYNE,1,0,2020-07-26
WEST WIMMERA,1,0,2020-07-26
WODONGA,1,0,2020-07-26
YARRIAMBIACK,1,0,2020-07-26
BULOKE,0,0,2020-07-26
HINDMARSH,0,0,2020-07-26
INDIGO,0,0,2020-07-26
PYRENEES,0,0,2020-07-26
QUEENSCLIFFE,0,0,2020-07-26
TOWONG,0,0,2020-07-26
UNKNOWN,67,63,2020-07-26
INTERSTATE,86,8,2020-07-26
Total,8181,4233,2020-07-26
LGA,Confirmed cases (ever),Active cases (current),2020-07-27
WYNDHAM,856,519,2020-07-27
BRIMBANK,816,526,2020-07-27
HUME,810,381,2020-07-27
MELBOURNE,585,291,2020-07-27
MOONEE VALLEY,497,219,2020-07-27
WHITTLESEA,486,327,2020-07-27
MORELAND,483,265,2020-07-27
MELTON,375,230,2020-07-27
CASEY,338,178,2020-07-27
BANYULE,305,151,2020-07-27
YARRA,247,149,2020-07-27
MARIBYRNONG,234,131,2020-07-27
DAREBIN,215,100,2020-07-27
STONNINGTON,164,43,2020-07-27
BOROONDARA,160,57,2020-07-27
HOBSONS BAY,140,72,2020-07-27
GREATER DANDENONG,137,99,2020-07-27
MONASH,130,55,2020-07-27
PORT PHILLIP,117,46,2020-07-27
YARRA RANGES,114,80,2020-07-27
WHITEHORSE,108,57,2020-07-27
GREATER GEELONG,107,31,2020-07-27
GLEN EIRA,100,35,2020-07-27
KINGSTON,100,55,2020-07-27
MANNINGHAM,97,38,2020-07-27
INTERSTATE,88,10,2020-07-27
MORNINGTON PENINSULA,81,13,2020-07-27
FRANKSTON,77,30,2020-07-27
NILLUMBIK,70,38,2020-07-27
BAYSIDE,67,30,2020-07-27
KNOX,67,36,2020-07-27
CARDINIA,58,27,2020-07-27
UNKNOWN,54,48,2020-07-27
MAROONDAH,52,31,2020-07-27
COLAC OTWAY,51,50,2020-07-27
MITCHELL,39,13,2020-07-27
BALLARAT,24,10,2020-07-27
MACEDON RANGES,20,10,2020-07-27
GREATER BENDIGO,18,8,2020-07-27
GREATER SHEPPARTON,17,0,2020-07-27
LATROBE,15,6,2020-07-27
SURF COAST,13,4,2020-07-27
WELLINGTON,13,0,2020-07-27
MOORABOOL,12,9,2020-07-27
HORSHAM,11,7,2020-07-27
MOIRA,11,0,2020-07-27
BAW BAW,9,3,2020-07-27
GOLDEN PLAINS,9,5,2020-07-27
SOUTH GIPPSLAND,9,4,2020-07-27
GLENELG,7,6,2020-07-27
MOUNT ALEXANDER,7,1,2020-07-27
BASS COAST,6,1,2020-07-27
SWAN HILL,6,2,2020-07-27
WARRNAMBOOL,6,1,2020-07-27
ARARAT,5,0,2020-07-27
CAMPASPE,5,0,2020-07-27
LODDON,5,2,2020-07-27
MILDURA,5,0,2020-07-27
OVERSEAS,5,0,2020-07-27
MANSFIELD,4,0,2020-07-27
BENALLA,3,0,2020-07-27
NORTHERN GRAMPIANS,3,0,2020-07-27
EAST GIPPSLAND,2,1,2020-07-27
GANNAWARRA,2,0,2020-07-27
HEPBURN,2,0,2020-07-27
MURRINDINDI,2,0,2020-07-27
SOUTHERN GRAMPIANS,2,0,2020-07-27
STRATHBOGIE,2,0,2020-07-27
WANGARATTA,2,0,2020-07-27
WODONGA,2,1,2020-07-27
ALPINE,1,0,2020-07-27
CENTRAL GOLDFIELDS,1,0,2020-07-27
CORANGAMITE,1,0,2020-07-27
MOYNE,1,0,2020-07-27
WEST WIMMERA,1,0,2020-07-27
YARRIAMBIACK,1,0,2020-07-27
BULOKE,0,0,2020-07-27
HINDMARSH,0,0,2020-07-27
INDIGO,0,0,2020-07-27
PYRENEES,0,0,2020-07-27
QUEENSCLIFFE,0,0,2020-07-27
TOWONG,0,0,2020-07-27
Total,8696,4542,2020-07-27
WYNDHAM,891,535,2020-07-28
BRIMBANK,871,571,2020-07-28
HUME,826,392,2020-07-28
MELBOURNE,593,287,2020-07-28
MOONEE VALLEY,503,218,2020-07-28
WHITTLESEA,501,334,2020-07-28
MORELAND,497,274,2020-07-28
MELTON,397,245,2020-07-28
CASEY,348,185,2020-07-28
BANYULE,309,144,2020-07-28
YARRA,259,155,2020-07-28
MARIBYRNONG,249,143,2020-07-28
DAREBIN,228,104,2020-07-28
STONNINGTON,170,49,2020-07-28
BOROONDARA,164,58,2020-07-28
GREATER DANDENONG,162,124,2020-07-28
HOBSONS BAY,149,80,2020-07-28
MONASH,136,59,2020-07-28
PORT PHILLIP,120,47,2020-07-28
YARRA RANGES,119,83,2020-07-28
GREATER GEELONG,111,35,2020-07-28
WHITEHORSE,110,58,2020-07-28
GLEN EIRA,104,38,2020-07-28
KINGSTON,103,57,2020-07-28
MANNINGHAM,99,40,2020-07-28
INTERSTATE,89,10,2020-07-28
UNKNOWN,82,76,2020-07-28
MORNINGTON PENINSULA,81,12,2020-07-28
FRANKSTON,76,29,2020-07-28
NILLUMBIK,73,40,2020-07-28
BAYSIDE,68,30,2020-07-28
KNOX,68,38,2020-07-28
CARDINIA,59,28,2020-07-28
COLAC OTWAY,55,54,2020-07-28
MAROONDAH,54,33,2020-07-28
MITCHELL,41,15,2020-07-28
BALLARAT,24,10,2020-07-28
MACEDON RANGES,22,12,2020-07-28
GREATER BENDIGO,21,11,2020-07-28
GREATER SHEPPARTON,17,0,2020-07-28
LATROBE,15,6,2020-07-28
MOORABOOL,14,11,2020-07-28
SURF COAST,13,3,2020-07-28
WELLINGTON,13,0,2020-07-28
MOIRA,11,0,2020-07-28
GOLDEN PLAINS,10,6,2020-07-28
HORSHAM,10,7,2020-07-28
BAW BAW,9,3,2020-07-28
SOUTH GIPPSLAND,9,4,2020-07-28
BASS COAST,7,2,2020-07-28
GLENELG,7,6,2020-07-28
MOUNT ALEXANDER,7,1,2020-07-28
CAMPASPE,6,1,2020-07-28
OVERSEAS,6,1,2020-07-28
SWAN HILL,6,2,2020-07-28
WARRNAMBOOL,6,1,2020-07-28
ARARAT,5,0,2020-07-28
LODDON,5,2,2020-07-28
MANSFIELD,5,1,2020-07-28
MILDURA,5,0,2020-07-28
NORTHERN GRAMPIANS,4,1,2020-07-28
BENALLA,3,0,2020-07-28
SOUTHERN GRAMPIANS,3,1,2020-07-28
EAST GIPPSLAND,2,1,2020-07-28
GANNAWARRA,2,0,2020-07-28
HEPBURN,2,0,2020-07-28
MURRINDINDI,2,0,2020-07-28
STRATHBOGIE,2,0,2020-07-28
WANGARATTA,2,0,2020-07-28
WEST WIMMERA,2,1,2020-07-28
WODONGA,2,1,2020-07-28
ALPINE,1,0,2020-07-28
CENTRAL GOLDFIELDS,1,0,2020-07-28
CORANGAMITE,1,0,2020-07-28
MOYNE,1,0,2020-07-28
YARRIAMBIACK,1,0,2020-07-28
BULOKE,0,0,2020-07-28
HINDMARSH,0,0,2020-07-28
INDIGO,0,0,2020-07-28
PYRENEES,0,0,2020-07-28
QUEENSCLIFFE,0,0,2020-07-28
TOWONG,0,0,2020-07-28
Total,9049,4775,2020-07-28
BRIMBANK,922,603,2020-07-29
WYNDHAM,916,532,2020-07-29
HUME,841,392,2020-07-29
MELBOURNE,593,276,2020-07-29
WHITTLESEA,528,352,2020-07-29
MORELAND,512,282,2020-07-29
MOONEE VALLEY,509,214,2020-07-29
MELTON,416,253,2020-07-29
CASEY,365,186,2020-07-29
BANYULE,316,144,2020-07-29
YARRA,266,158,2020-07-29
MARIBYRNONG,261,149,2020-07-29
DAREBIN,234,103,2020-07-29
GREATER DANDENONG,172,130,2020-07-29
STONNINGTON,171,43,2020-07-29
BOROONDARA,164,51,2020-07-29
HOBSONS BAY,150,78,2020-07-29
MONASH,141,63,2020-07-29
PORT PHILLIP,124,48,2020-07-29
GREATER GEELONG,120,44,2020-07-29
YARRA RANGES,116,80,2020-07-29
WHITEHORSE,114,59,2020-07-29
GLEN EIRA,107,40,2020-07-29
KINGSTON,103,56,2020-07-29
MANNINGHAM,101,38,2020-07-29
INTERSTATE,89,10,2020-07-29
MORNINGTON PENINSULA,81,12,2020-07-29
FRANKSTON,78,31,2020-07-29
KNOX,72,41,2020-07-29
NILLUMBIK,72,39,2020-07-29
BAYSIDE,69,31,2020-07-29
CARDINIA,59,25,2020-07-29
MAROONDAH,59,38,2020-07-29
COLAC OTWAY,56,54,2020-07-29
MITCHELL,40,14,2020-07-29
BALLARAT,24,10,2020-07-29
MACEDON RANGES,22,11,2020-07-29
GREATER BENDIGO,21,11,2020-07-29
GREATER SHEPPARTON,17,0,2020-07-29
LATROBE,15,6,2020-07-29
MOORABOOL,15,12,2020-07-29
SURF COAST,13,3,2020-07-29
WELLINGTON,13,0,2020-07-29
GOLDEN PLAINS,12,8,2020-07-29
HORSHAM,11,7,2020-07-29
MOIRA,11,0,2020-07-29
BAW BAW,9,3,2020-07-29
SOUTH GIPPSLAND,9,3,2020-07-29
MOUNT ALEXANDER,8,2,2020-07-29
BASS COAST,7,2,2020-07-29
GLENELG,7,6,2020-07-29
ARARAT,6,1,2020-07-29
CAMPASPE,6,1,2020-07-29
OVERSEAS,6,1,2020-07-29
SWAN HILL,6,2,2020-07-29
WARRNAMBOOL,6,1,2020-07-29
LODDON,5,2,2020-07-29
MANSFIELD,5,1,2020-07-29
MILDURA,5,0,2020-07-29
NORTHERN GRAMPIANS,4,1,2020-07-29
BENALLA,3,0,2020-07-29
SOUTHERN GRAMPIANS,3,1,2020-07-29
EAST GIPPSLAND,2,1,2020-07-29
GANNAWARRA,2,0,2020-07-29
HEPBURN,2,0,2020-07-29
MURRINDINDI,2,0,2020-07-29
STRATHBOGIE,2,0,2020-07-29
WANGARATTA,2,0,2020-07-29
WEST WIMMERA,2,1,2020-07-29
WODONGA,2,1,2020-07-29
ALPINE,1,0,2020-07-29
CENTRAL GOLDFIELDS,1,0,2020-07-29
CORANGAMITE,1,0,2020-07-29
MOYNE,1,0,2020-07-29
YARRIAMBIACK,1,0,2020-07-29
BULOKE,0,0,2020-07-29
HINDMARSH,0,0,2020-07-29
INDIGO,0,0,2020-07-29
PYRENEES,0,0,2020-07-29
QUEENSCLIFFE,0,0,2020-07-29
TOWONG,0,0,2020-07-29
UNKNOWN,77,72,2020-07-29
Total,9304,4839,2020-07-29
HUME,213,100,2020-07-04
BRIMBANK,152,49,2020-07-04
MELBOURNE,129,43,2020-07-04
MORELAND,123,38,2020-07-04
CASEY,117,17,2020-07-04
WYNDHAM,107,45,2020-07-04
STONNINGTON,105,7,2020-07-04
BANYULE,99,3,2020-07-04
MOONEE VALLEY,97,36,2020-07-04
BOROONDARA,78,4,2020-07-04
WHITTLESEA,78,28,2020-07-04
MELTON,76,18,2020-07-04
GREATER GEELONG,68,1,2020-07-04
INTERSTATE,65,2,2020-07-04
DAREBIN,64,10,2020-07-04
MORNINGTON PENINSULA,63,0,2020-07-04
GLEN EIRA,60,3,2020-07-04
MONASH,56,2,2020-07-04
PORT PHILLIP,55,7,2020-07-04
YARRA,47,15,2020-07-04
FRANKSTON,42,2,2020-07-04
MARIBYRNONG,41,16,2020-07-04
MANNINGHAM,39,6,2020-07-04
BAYSIDE,36,2,2020-07-04
KINGSTON,35,3,2020-07-04
HOBSONS BAY,32,11,2020-07-04
WHITEHORSE,30,5,2020-07-04
GREATER DANDENONG,28,3,2020-07-04
NILLUMBIK,28,1,2020-07-04
YARRA RANGES,27,1,2020-07-04
UNKNOWN,25,21,2020-07-04
KNOX,23,0,2020-07-04
CARDINIA,22,0,2020-07-04
MAROONDAH,17,1,2020-07-04
MITCHELL,17,6,2020-07-04
GREATER SHEPPARTON,15,1,2020-07-04
WELLINGTON,12,0,2020-07-04
BALLARAT,11,0,2020-07-04
MOIRA,11,0,2020-07-04
GREATER BENDIGO,10,1,2020-07-04
LATROBE,9,0,2020-07-04
MACEDON RANGES,9,0,2020-07-04
SURF COAST,9,0,2020-07-04
MOUNT ALEXANDER,6,0,2020-07-04
ARARAT,5,0,2020-07-04
BAW BAW,5,0,2020-07-04
CAMPASPE,5,0,2020-07-04
MILDURA,5,0,2020-07-04
SOUTH GIPPSLAND,5,0,2020-07-04
WARRNAMBOOL,5,0,2020-07-04
BASS COAST,4,0,2020-07-04
OVERSEAS,4,0,2020-07-04
SWAN HILL,4,0,2020-07-04
BENALLA,3,0,2020-07-04
HORSHAM,3,0,2020-07-04
LODDON,3,0,2020-07-04
MANSFIELD,3,0,2020-07-04
MOORABOOL,3,0,2020-07-04
NORTHERN GRAMPIANS,3,0,2020-07-04
EAST GIPPSLAND,2,1,2020-07-04
GANNAWARRA,2,0,2020-07-04
HEPBURN,2,0,2020-07-04
MURRINDINDI,2,0,2020-07-04
SOUTHERN GRAMPIANS,2,0,2020-07-04
STRATHBOGIE,2,0,2020-07-04
WANGARATTA,2,0,2020-07-04
ALPINE,1,0,2020-07-04
CENTRAL GOLDFIELDS,1,0,2020-07-04
CORANGAMITE,1,0,2020-07-04
GLENELG,1,0,2020-07-04
GOLDEN PLAINS,1,0,2020-07-04
MOYNE,1,0,2020-07-04
WEST WIMMERA,1,0,2020-07-04
WODONGA,1,0,2020-07-04
YARRIAMBIACK,1,0,2020-07-04
TOTAL,2469,509,2020-07-04
HUME,284,150,2020-07-08
MELBOURNE,199,108,2020-07-08
WYNDHAM,189,120,2020-07-08
BRIMBANK,189,75,2020-07-08
MORELAND,143,44,2020-07-08
MOONEE VALLEY,134,63,2020-07-08
CASEY,129,21,2020-07-08
STONNINGTON,110,10,2020-07-08
BANYULE,108,11,2020-07-08
WHITTLESEA,95,39,2020-07-08
MELTON,88,21,2020-07-08
BOROONDARA,83,8,2020-07-08
DAREBIN,73,15,2020-07-08
GREATER GEELONG,70,2,2020-07-08
MONASH,66,12,2020-07-08
INTERSTATE,66,3,2020-07-08
MORNINGTON PENINSULA,63,0,2020-07-08
GLEN EIRA,61,1,2020-07-08
PORT PHILLIP,59,10,2020-07-08
YARRA,57,20,2020-07-08
MARIBYRNONG,54,24,2020-07-08
MANNINGHAM,44,11,2020-07-08
FRANKSTON,43,2,2020-07-08
HOBSONS BAY,41,19,2020-07-08
BAYSIDE,37,2,2020-07-08
KINGSTON,36,2,2020-07-08
WHITEHORSE,34,8,2020-07-08
YARRA RANGES,30,4,2020-07-08
GREATER DANDENONG,30,4,2020-07-08
NILLUMBIK,28,1,2020-07-08
KNOX,27,4,2020-07-08
CARDINIA,22,0,2020-07-08
MITCHELL,20,8,2020-07-08
MAROONDAH,19,3,2020-07-08
GREATER SHEPPARTON,15,1,2020-07-08
WELLINGTON,12,0,2020-07-08
MOIRA,11,0,2020-07-08
BALLARAT,11,0,2020-07-08
SURF COAST,10,1,2020-07-08
GREATER BENDIGO,10,1,2020-07-08
MACEDON RANGES,9,0,2020-07-08
LATROBE,9,1,2020-07-08
MOUNT ALEXANDER,6,0,2020-07-08
WARRNAMBOOL,5,0,2020-07-08
SOUTH GIPPSLAND,5,0,2020-07-08
MILDURA,5,0,2020-07-08
CAMPASPE,5,0,2020-07-08
BAW BAW,5,0,2020-07-08
ARARAT,5,0,2020-07-08
SWAN HILL,4,0,2020-07-08
OVERSEAS,4,0,2020-07-08
BASS COAST,4,0,2020-07-08
NORTHERN GRAMPIANS,3,0,2020-07-08
MOORABOOL,3,0,2020-07-08
MANSFIELD,3,0,2020-07-08
LODDON,3,0,2020-07-08
HORSHAM,3,0,2020-07-08
BENALLA,3,0,2020-07-08
WODONGA,2,1,2020-07-08
WANGARATTA,2,0,2020-07-08
STRATHBOGIE,2,0,2020-07-08
SOUTHERN GRAMPIANS,2,0,2020-07-08
MURRINDINDI,2,0,2020-07-08
HEPBURN,2,0,2020-07-08
GANNAWARRA,2,0,2020-07-08
EAST GIPPSLAND,2,1,2020-07-08
YARRIAMBIACK,1,0,2020-07-08
WEST WIMMERA,1,0,2020-07-08
MOYNE,1,0,2020-07-08
GOLDEN PLAINS,1,0,2020-07-08
GLENELG,1,0,2020-07-08
CORANGAMITE,1,0,2020-07-08
CENTRAL GOLDFIELDS,1,0,2020-07-08
ALPINE,1,0,2020-07-08
UNKNOWN,34,29,2020-07-08
Total,2942,860,2020-07-08
HUME,299,143,2020-07-09
MELBOURNE,221,128,2020-07-09
WYNDHAM,211,133,2020-07-09
BRIMBANK,197,75,2020-07-09
MOONEE VALLEY,160,84,2020-07-09
MORELAND,157,56,2020-07-09
CASEY,132,20,2020-07-09
STONNINGTON,113,11,2020-07-09
BANYULE,110,13,2020-07-09
WHITTLESEA,102,42,2020-07-09
MELTON,91,19,2020-07-09
BOROONDARA,84,9,2020-07-09
DAREBIN,77,19,2020-07-09
GREATER GEELONG,74,6,2020-07-09
INTERSTATE,67,2,2020-07-09
MONASH,66,12,2020-07-09
MORNINGTON PENINSULA,63,0,2020-07-09
GLEN EIRA,62,2,2020-07-09
YARRA,62,23,2020-07-09
MARIBYRNONG,61,28,2020-07-09
PORT PHILLIP,60,8,2020-07-09
FRANKSTON,44,3,2020-07-09
MANNINGHAM,44,10,2020-07-09
HOBSONS BAY,40,15,2020-07-09
BAYSIDE,38,3,2020-07-09
KINGSTON,37,3,2020-07-09
WHITEHORSE,35,8,2020-07-09
GREATER DANDENONG,30,3,2020-07-09
YARRA RANGES,30,4,2020-07-09
NILLUMBIK,28,1,2020-07-09
KNOX,27,3,2020-07-09
CARDINIA,22,0,2020-07-09
MAROONDAH,20,4,2020-07-09
MITCHELL,20,6,2020-07-09
GREATER SHEPPARTON,15,1,2020-07-09
GREATER BENDIGO,13,4,2020-07-09
WELLINGTON,12,0,2020-07-09
BALLARAT,11,0,2020-07-09
MOIRA,11,0,2020-07-09
SURF COAST,10,1,2020-07-09
LATROBE,9,0,2020-07-09
MACEDON RANGES,9,0,2020-07-09
MOUNT ALEXANDER,6,0,2020-07-09
ARARAT,5,0,2020-07-09
BAW BAW,5,0,2020-07-09
CAMPASPE,5,0,2020-07-09
MILDURA,5,0,2020-07-09
SOUTH GIPPSLAND,5,0,2020-07-09
WARRNAMBOOL,5,0,2020-07-09
BASS COAST,4,0,2020-07-09
OVERSEAS,4,0,2020-07-09
SWAN HILL,4,0,2020-07-09
BENALLA,3,0,2020-07-09
HORSHAM,3,0,2020-07-09
LODDON,3,0,2020-07-09
MANSFIELD,3,0,2020-07-09
MOORABOOL,3,0,2020-07-09
NORTHERN GRAMPIANS,3,0,2020-07-09
EAST GIPPSLAND,2,1,2020-07-09
GANNAWARRA,2,0,2020-07-09
HEPBURN,2,0,2020-07-09
MURRINDINDI,2,0,2020-07-09
SOUTHERN GRAMPIANS,2,0,2020-07-09
STRATHBOGIE,2,0,2020-07-09
WANGARATTA,2,0,2020-07-09
WODONGA,2,1,2020-07-09
ALPINE,1,0,2020-07-09
CENTRAL GOLDFIELDS,1,0,2020-07-09
CORANGAMITE,1,0,2020-07-09
GLENELG,1,0,2020-07-09
GOLDEN PLAINS,1,0,2020-07-09
MOYNE,1,0,2020-07-09
WEST WIMMERA,1,0,2020-07-09
YARRIAMBIACK,1,0,2020-07-09
UNKNOWN,34,28,2020-07-09
TOTAL,3098,932,2020-07-09
